[{"name":"Mr. X","email":"xxx@gmail.com","gender":"male","dob":"2019-03-07"},{"name":"Ms. Y","email":"yyy@gmail.com","gender":"female","dob":"2019-03-07"},{"name":"Mr. Web","email":"web1@gmail.com","gender":"male","dob":"2019-03-07"},{"name":"shakil","email":"sh@gmail.com","gender":"male","dob":"2021-03-02"},{"name":"sam","email":"sam@g.co","gender":"male","dob":"2021-02-28","uname":"sam33","npass":"samsamsam33"},{"name":"sam","email":"sams11@g.com","gender":"male","dob":"2021-02-28","uname":"sams11","npass":"samsamsam33@"},{"name":"samsamsam23","email":"samsamsam23@g.c","gender":"male","dob":"2021-03-09","uname":"saam23","npass":"samsamsam23"},{"name":"sb","email":"sb@g.com","gender":"male","dob":"2021-03-03","uname":"sb2223","npass":"asdfghj2@"},{"name":"jk","email":"fsg@g.b","gender":"male","dob":"2021-04-06","uname":"jk11","npass":"6666sdasdag@"},{"name":"jk","email":"fsg@g.b","gender":"male","dob":"2021-04-06","uname":"jk11","npass":"6666sdasdag@"},{"name":"jk","email":"fhd@gf.v","gender":"male","dob":"2021-04-13","uname":"gfg","npass":"6666sdasdag@"},{"name":"jk","email":"fhd@gf.v","gender":"male","dob":"2021-04-13","uname":"gfg","npass":"6666sdasdag@"},{"name":"shakil","email":"dfs@h.c","gender":"male","dob":"2021-04-05","uname":"ds33","npass":"gshhj"},{"name":"dsg","email":"sdfs","gender":"male","dob":"2021-04-13","uname":"sdgs","npass":"sdfdsf"},{"name":"user","email":"user@gmail.com","gender":"male","dob":"2021-04-15","uname":"user","npass":"asdfghj2@"}]